timeStamp,elapsed,label,responseCode,responseMessage,threadName,dataType,success,failureMessage,bytes,sentBytes,grpThreads,allThreads,URL,Latency,IdleTime,Connect
1777919259733,11360,HTTP Request,200,OK,Config 3: Exp1.5 1-1,text,false,"The operation lasted too long: It took 11 360 milliseconds, but should not have lasted longer than 640 milliseconds.",231,158,2,2,http://localhost:8079/?token=518504778&user=-1355064518&config=3,11360,0,0
1777919266401,10030,HTTP Request,200,OK,Config 3: Exp1.5 1-2,text,false,"The operation lasted too long: It took 10 030 milliseconds, but should not have lasted longer than 640 milliseconds.",231,158,3,3,http://localhost:8079/?token=518504778&user=-1355064518&config=3,10030,0,1
1777919273068,6873,HTTP Request,500,Internal Server Error,Config 3: Exp1.5 1-3,text,false,"The operation lasted too long: It took 6 873 milliseconds, but should not have lasted longer than 640 milliseconds.",233,158,4,4,http://localhost:8079/?token=518504778&user=-1355064518&config=3,6873,0,1
1777919271095,11897,HTTP Request,200,OK,Config 3: Exp1.5 1-1,text,false,"The operation lasted too long: It took 11 897 milliseconds, but should not have lasted longer than 640 milliseconds.",231,158,4,4,http://localhost:8079/?token=518504778&user=-1355064518&config=3,11897,0,0
1777919276432,8895,HTTP Request,500,Internal Server Error,Config 3: Exp1.5 1-2,text,false,"The operation lasted too long: It took 8 895 milliseconds, but should not have lasted longer than 640 milliseconds.",233,158,4,4,http://localhost:8079/?token=518504778&user=-1355064518&config=3,8895,0,0
1777919279734,5597,HTTP Request,500,Internal Server Error,Config 3: Exp1.5 1-4,text,false,"The operation lasted too long: It took 5 597 milliseconds, but should not have lasted longer than 640 milliseconds.",233,158,4,4,http://localhost:8079/?token=518504778&user=-1355064518&config=3,5597,0,0
1777919279943,11950,HTTP Request,200,OK,Config 3: Exp1.5 1-3,text,false,"The operation lasted too long: It took 11 950 milliseconds, but should not have lasted longer than 640 milliseconds.",231,158,5,5,http://localhost:8079/?token=518504778&user=-1355064518&config=3,11950,0,0
1777919282991,14068,HTTP Request,200,OK,Config 3: Exp1.5 1-1,text,false,"The operation lasted too long: It took 14 068 milliseconds, but should not have lasted longer than 640 milliseconds.",231,158,6,6,http://localhost:8079/?token=518504778&user=-1355064518&config=3,14068,0,0
1777919285327,11772,HTTP Request,200,OK,Config 3: Exp1.5 1-2,text,false,"The operation lasted too long: It took 11 772 milliseconds, but should not have lasted longer than 640 milliseconds.",231,158,6,6,http://localhost:8079/?token=518504778&user=-1355064518&config=3,11772,0,1
1777919285330,11769,HTTP Request,200,OK,Config 3: Exp1.5 1-4,text,false,"The operation lasted too long: It took 11 769 milliseconds, but should not have lasted longer than 640 milliseconds.",231,158,6,6,http://localhost:8079/?token=518504778&user=-1355064518&config=3,11769,0,1
1777919286401,13872,HTTP Request,200,OK,Config 3: Exp1.5 1-5,text,false,"The operation lasted too long: It took 13 872 milliseconds, but should not have lasted longer than 640 milliseconds.",231,158,7,7,http://localhost:8079/?token=518504778&user=-1355064518&config=3,13872,0,1
1777919291894,8389,HTTP Request,200,OK,Config 3: Exp1.5 1-3,text,false,"The operation lasted too long: It took 8 389 milliseconds, but should not have lasted longer than 640 milliseconds.",231,158,7,7,http://localhost:8079/?token=518504778&user=-1355064518&config=3,8389,0,0
1777919293070,7216,HTTP Request,500,Internal Server Error,Config 3: Exp1.5 1-6,text,false,"The operation lasted too long: It took 7 216 milliseconds, but should not have lasted longer than 640 milliseconds.",233,158,7,7,http://localhost:8079/?token=518504778&user=-1355064518&config=3,7216,0,1
1777919297100,10401,HTTP Request,200,OK,Config 3: Exp1.5 1-4,text,false,"The operation lasted too long: It took 10 401 milliseconds, but should not have lasted longer than 640 milliseconds.",231,158,8,8,http://localhost:8079/?token=518504778&user=-1355064518&config=3,10401,0,0
1777919297100,10401,HTTP Request,200,OK,Config 3: Exp1.5 1-2,text,false,"The operation lasted too long: It took 10 401 milliseconds, but should not have lasted longer than 640 milliseconds.",231,158,8,8,http://localhost:8079/?token=518504778&user=-1355064518&config=3,10401,0,0
1777919299735,7772,HTTP Request,500,Internal Server Error,Config 3: Exp1.5 1-7,text,false,"The operation lasted too long: It took 7 772 milliseconds, but should not have lasted longer than 640 milliseconds.",233,158,8,8,http://localhost:8079/?token=518504778&user=-1355064518&config=3,7772,0,1
1777919297061,13986,HTTP Request,200,OK,Config 3: Exp1.5 1-1,text,false,"The operation lasted too long: It took 13 986 milliseconds, but should not have lasted longer than 640 milliseconds.",231,158,8,8,http://localhost:8079/?token=518504778&user=-1355064518&config=3,13986,0,0
1777919300274,12504,HTTP Request,200,OK,Config 3: Exp1.5 1-5,text,false,"The operation lasted too long: It took 12 504 milliseconds, but should not have lasted longer than 640 milliseconds.",231,158,8,8,http://localhost:8079/?token=518504778&user=-1355064518&config=3,12504,0,0
1777919300286,12492,HTTP Request,200,OK,Config 3: Exp1.5 1-6,text,false,"The operation lasted too long: It took 12 492 milliseconds, but should not have lasted longer than 640 milliseconds.",231,158,8,8,http://localhost:8079/?token=518504778&user=-1355064518&config=3,12492,0,1
1777919300283,12495,HTTP Request,200,OK,Config 3: Exp1.5 1-3,text,false,"The operation lasted too long: It took 12 495 milliseconds, but should not have lasted longer than 640 milliseconds.",231,158,8,8,http://localhost:8079/?token=518504778&user=-1355064518&config=3,12495,0,0
1777919306403,6384,HTTP Request,500,Internal Server Error,Config 3: Exp1.5 1-8,text,false,"The operation lasted too long: It took 6 384 milliseconds, but should not have lasted longer than 640 milliseconds.",233,158,8,8,http://localhost:8079/?token=518504778&user=-1355064518&config=3,6384,0,1
1777919307503,8557,HTTP Request,200,OK,Config 3: Exp1.5 1-2,text,false,"The operation lasted too long: It took 8 557 milliseconds, but should not have lasted longer than 640 milliseconds.",231,158,9,9,http://localhost:8079/?token=518504778&user=-1355064518&config=3,8557,0,0
1777919307502,8558,HTTP Request,200,OK,Config 3: Exp1.5 1-4,text,false,"The operation lasted too long: It took 8 558 milliseconds, but should not have lasted longer than 640 milliseconds.",231,158,9,9,http://localhost:8079/?token=518504778&user=-1355064518&config=3,8558,0,0
1777919307507,8556,HTTP Request,200,OK,Config 3: Exp1.5 1-7,text,false,"The operation lasted too long: It took 8 556 milliseconds, but should not have lasted longer than 640 milliseconds.",231,158,9,9,http://localhost:8079/?token=518504778&user=-1355064518&config=3,8556,0,2
1777919312778,10143,HTTP Request,200,OK,Config 3: Exp1.5 1-5,text,false,"The operation lasted too long: It took 10 143 milliseconds, but should not have lasted longer than 640 milliseconds.",231,158,10,10,http://localhost:8079/?token=518504778&user=-1355064518&config=3,10143,0,0
1777919312779,10143,HTTP Request,200,OK,Config 3: Exp1.5 1-6,text,false,"The operation lasted too long: It took 10 143 milliseconds, but should not have lasted longer than 640 milliseconds.",231,158,10,10,http://localhost:8079/?token=518504778&user=-1355064518&config=3,10143,0,0
1777919312779,10144,HTTP Request,200,OK,Config 3: Exp1.5 1-3,text,false,"The operation lasted too long: It took 10 144 milliseconds, but should not have lasted longer than 640 milliseconds.",231,158,10,10,http://localhost:8079/?token=518504778&user=-1355064518&config=3,10144,0,0
1777919311047,15235,HTTP Request,200,OK,Config 3: Exp1.5 1-1,text,false,"The operation lasted too long: It took 15 235 milliseconds, but should not have lasted longer than 640 milliseconds.",231,158,10,10,http://localhost:8079/?token=518504778&user=-1355064518&config=3,15235,0,0
1777919312787,15636,HTTP Request,200,OK,Config 3: Exp1.5 1-8,text,false,"The operation lasted too long: It took 15 636 milliseconds, but should not have lasted longer than 640 milliseconds.",231,158,11,11,http://localhost:8079/?token=518504778&user=-1355064518&config=3,15636,0,1
1777919313069,15354,HTTP Request,200,OK,Config 3: Exp1.5 1-9,text,false,"The operation lasted too long: It took 15 354 milliseconds, but should not have lasted longer than 640 milliseconds.",231,158,11,11,http://localhost:8079/?token=518504778&user=-1355064518&config=3,15354,0,1
1777919319737,8770,HTTP Request,500,Internal Server Error,Config 3: Exp1.5 1-10,text,false,"The operation lasted too long: It took 8 770 milliseconds, but should not have lasted longer than 640 milliseconds.",233,158,11,11,http://localhost:8079/?token=518504778&user=-1355064518&config=3,8770,0,1
1777919316060,15666,HTTP Request,200,OK,Config 3: Exp1.5 1-2,text,false,"The operation lasted too long: It took 15 666 milliseconds, but should not have lasted longer than 640 milliseconds.",231,158,11,11,http://localhost:8079/?token=518504778&user=-1355064518&config=3,15666,0,0
1777919316062,15664,HTTP Request,200,OK,Config 3: Exp1.5 1-7,text,false,"The operation lasted too long: It took 15 664 milliseconds, but should not have lasted longer than 640 milliseconds.",231,158,11,11,http://localhost:8079/?token=518504778&user=-1355064518&config=3,15664,0,0
1777919322921,8807,HTTP Request,200,OK,Config 3: Exp1.5 1-5,text,false,"The operation lasted too long: It took 8 807 milliseconds, but should not have lasted longer than 640 milliseconds.",231,158,11,11,http://localhost:8079/?token=518504778&user=-1355064518&config=3,8807,0,0
1777919316060,15667,HTTP Request,200,OK,Config 3: Exp1.5 1-4,text,false,"The operation lasted too long: It took 15 667 milliseconds, but should not have lasted longer than 640 milliseconds.",231,158,11,11,http://localhost:8079/?token=518504778&user=-1355064518&config=3,15667,0,0
1777919322923,8805,HTTP Request,200,OK,Config 3: Exp1.5 1-3,text,false,"The operation lasted too long: It took 8 805 milliseconds, but should not have lasted longer than 640 milliseconds.",231,158,11,11,http://localhost:8079/?token=518504778&user=-1355064518&config=3,8805,0,0
1777919322923,8805,HTTP Request,200,OK,Config 3: Exp1.5 1-6,text,false,"The operation lasted too long: It took 8 805 milliseconds, but should not have lasted longer than 640 milliseconds.",231,158,11,11,http://localhost:8079/?token=518504778&user=-1355064518&config=3,8805,0,0
1777919326283,5752,HTTP Request,500,Internal Server Error,Config 3: Exp1.5 1-1,text,false,"The operation lasted too long: It took 5 752 milliseconds, but should not have lasted longer than 640 milliseconds.",233,158,11,11,http://localhost:8079/?token=518504778&user=-1355064518&config=3,5751,0,1
1777919326403,5632,HTTP Request,500,Internal Server Error,Config 3: Exp1.5 1-11,text,false,"The operation lasted too long: It took 5 632 milliseconds, but should not have lasted longer than 640 milliseconds.",233,158,11,11,http://localhost:8079/?token=518504778&user=-1355064518&config=3,5632,0,1
1777919328424,10266,HTTP Request,200,OK,Config 3: Exp1.5 1-8,text,false,"The operation lasted too long: It took 10 266 milliseconds, but should not have lasted longer than 640 milliseconds.",231,158,12,12,http://localhost:8079/?token=518504778&user=-1355064518&config=3,10266,0,0
1777919328424,10266,HTTP Request,200,OK,Config 3: Exp1.5 1-9,text,false,"The operation lasted too long: It took 10 266 milliseconds, but should not have lasted longer than 640 milliseconds.",231,158,12,12,http://localhost:8079/?token=518504778&user=-1355064518&config=3,10266,0,0
1777919328509,10182,HTTP Request,200,OK,Config 3: Exp1.5 1-10,text,false,"The operation lasted too long: It took 10 182 milliseconds, but should not have lasted longer than 640 milliseconds.",231,158,12,12,http://localhost:8079/?token=518504778&user=-1355064518&config=3,10182,0,1
1777919331729,12082,HTTP Request,200,OK,Config 3: Exp1.5 1-4,text,false,"The operation lasted too long: It took 12 082 milliseconds, but should not have lasted longer than 640 milliseconds.",231,158,13,13,http://localhost:8079/?token=518504778&user=-1355064518&config=3,12082,0,0
1777919331729,12082,HTTP Request,200,OK,Config 3: Exp1.5 1-3,text,false,"The operation lasted too long: It took 12 082 milliseconds, but should not have lasted longer than 640 milliseconds.",231,158,13,13,http://localhost:8079/?token=518504778&user=-1355064518&config=3,12082,0,0
1777919331729,12082,HTTP Request,200,OK,Config 3: Exp1.5 1-5,text,false,"The operation lasted too long: It took 12 082 milliseconds, but should not have lasted longer than 640 milliseconds.",231,158,13,13,http://localhost:8079/?token=518504778&user=-1355064518&config=3,12082,0,0
1777919331728,12084,HTTP Request,200,OK,Config 3: Exp1.5 1-2,text,false,"The operation lasted too long: It took 12 084 milliseconds, but should not have lasted longer than 640 milliseconds.",231,158,13,13,http://localhost:8079/?token=518504778&user=-1355064518&config=3,12084,0,0
1777919331729,12083,HTTP Request,200,OK,Config 3: Exp1.5 1-6,text,false,"The operation lasted too long: It took 12 083 milliseconds, but should not have lasted longer than 640 milliseconds.",231,158,13,13,http://localhost:8079/?token=518504778&user=-1355064518&config=3,12083,0,0
1777919332035,11777,HTTP Request,200,OK,Config 3: Exp1.5 1-1,text,false,"The operation lasted too long: It took 11 777 milliseconds, but should not have lasted longer than 640 milliseconds.",231,158,13,13,http://localhost:8079/?token=518504778&user=-1355064518&config=3,11777,0,1
1777919331728,12084,HTTP Request,200,OK,Config 3: Exp1.5 1-7,text,false,"The operation lasted too long: It took 12 084 milliseconds, but should not have lasted longer than 640 milliseconds.",231,158,13,13,http://localhost:8079/?token=518504778&user=-1355064518&config=3,12084,0,0
1777919332035,11777,HTTP Request,200,OK,Config 3: Exp1.5 1-11,text,false,"The operation lasted too long: It took 11 777 milliseconds, but should not have lasted longer than 640 milliseconds.",231,158,13,13,http://localhost:8079/?token=518504778&user=-1355064518&config=3,11777,0,1
1777919333070,10846,HTTP Request,200,OK,Config 3: Exp1.5 1-12,text,false,"The operation lasted too long: It took 10 846 milliseconds, but should not have lasted longer than 640 milliseconds.",231,158,13,13,http://localhost:8079/?token=518504778&user=-1355064518&config=3,10846,0,1
1777919338691,5633,HTTP Request,200,OK,Config 3: Exp1.5 1-8,text,false,"The operation lasted too long: It took 5 633 milliseconds, but should not have lasted longer than 640 milliseconds.",231,158,13,13,http://localhost:8079/?token=518504778&user=-1355064518&config=3,5633,0,0
1777919338691,5698,HTTP Request,200,OK,Config 3: Exp1.5 1-10,text,false,"The operation lasted too long: It took 5 698 milliseconds, but should not have lasted longer than 640 milliseconds.",231,158,13,13,http://localhost:8079/?token=518504778&user=-1355064518&config=3,5698,0,0
1777919338691,5699,HTTP Request,200,OK,Config 3: Exp1.5 1-9,text,false,"The operation lasted too long: It took 5 699 milliseconds, but should not have lasted longer than 640 milliseconds.",231,158,13,13,http://localhost:8079/?token=518504778&user=-1355064518&config=3,5698,0,0
1777919339737,4653,HTTP Request,200,OK,Config 3: Exp1.5 1-13,text,false,"The operation lasted too long: It took 4 653 milliseconds, but should not have lasted longer than 640 milliseconds.",231,158,13,13,http://localhost:8079/?token=518504778&user=-1355064518&config=3,4653,0,1
1777919343811,614,HTTP Request,200,OK,Config 3: Exp1.5 1-5,text,true,,231,158,13,13,http://localhost:8079/?token=518504778&user=-1355064518&config=3,614,0,0
1777919343811,623,HTTP Request,200,OK,Config 3: Exp1.5 1-2,text,true,,231,158,13,13,http://localhost:8079/?token=518504778&user=-1355064518&config=3,623,0,0
1777919343811,716,HTTP Request,200,OK,Config 3: Exp1.5 1-4,text,false,"The operation lasted too long: It took 716 milliseconds, but should not have lasted longer than 640 milliseconds.",231,158,13,13,http://localhost:8079/?token=518504778&user=-1355064518&config=3,716,0,0
1777919343812,750,HTTP Request,200,OK,Config 3: Exp1.5 1-1,text,false,"The operation lasted too long: It took 750 milliseconds, but should not have lasted longer than 640 milliseconds.",231,158,13,13,http://localhost:8079/?token=518504778&user=-1355064518&config=3,750,0,0
1777919343812,807,HTTP Request,200,OK,Config 3: Exp1.5 1-11,text,false,"The operation lasted too long: It took 807 milliseconds, but should not have lasted longer than 640 milliseconds.",231,158,13,13,http://localhost:8079/?token=518504778&user=-1355064518&config=3,807,0,0
1777919343812,824,HTTP Request,200,OK,Config 3: Exp1.5 1-6,text,false,"The operation lasted too long: It took 824 milliseconds, but should not have lasted longer than 640 milliseconds.",231,158,13,13,http://localhost:8079/?token=518504778&user=-1355064518&config=3,824,0,0
1777919343812,878,HTTP Request,200,OK,Config 3: Exp1.5 1-7,text,false,"The operation lasted too long: It took 878 milliseconds, but should not have lasted longer than 640 milliseconds.",231,158,13,13,http://localhost:8079/?token=518504778&user=-1355064518&config=3,878,0,0
1777919343811,933,HTTP Request,200,OK,Config 3: Exp1.5 1-3,text,false,"The operation lasted too long: It took 933 milliseconds, but should not have lasted longer than 640 milliseconds.",231,158,13,13,http://localhost:8079/?token=518504778&user=-1355064518&config=3,933,0,1
1777919343916,923,HTTP Request,200,OK,Config 3: Exp1.5 1-12,text,false,"The operation lasted too long: It took 923 milliseconds, but should not have lasted longer than 640 milliseconds.",231,158,13,13,http://localhost:8079/?token=518504778&user=-1355064518&config=3,923,0,0
1777919344323,548,HTTP Request,200,OK,Config 3: Exp1.5 1-8,text,true,,231,158,13,13,http://localhost:8079/?token=518504778&user=-1355064518&config=3,548,0,0
1777919344389,539,HTTP Request,200,OK,Config 3: Exp1.5 1-9,text,true,,231,158,13,13,http://localhost:8079/?token=518504778&user=-1355064518&config=3,539,0,0
1777919344388,540,HTTP Request,200,OK,Config 3: Exp1.5 1-10,text,true,,231,158,13,13,http://localhost:8079/?token=518504778&user=-1355064518&config=3,540,0,0
1777919344389,543,HTTP Request,200,OK,Config 3: Exp1.5 1-13,text,true,,231,158,13,13,http://localhost:8079/?token=518504778&user=-1355064518&config=3,543,0,0
1777919346404,567,HTTP Request,200,OK,Config 3: Exp1.5 1-14,text,true,,231,158,14,14,http://localhost:8079/?token=518504778&user=-1355064518&config=3,567,0,1
1777919346813,540,HTTP Request,200,OK,Config 3: Exp1.5 1-11,text,true,,231,158,14,14,http://localhost:8079/?token=518504778&user=-1355064518&config=3,540,0,0
1777919346812,541,HTTP Request,200,OK,Config 3: Exp1.5 1-1,text,true,,231,158,14,14,http://localhost:8079/?token=518504778&user=-1355064518&config=3,541,0,0
1777919346813,543,HTTP Request,200,OK,Config 3: Exp1.5 1-3,text,true,,231,158,14,14,http://localhost:8079/?token=518504778&user=-1355064518&config=3,543,0,0
1777919346813,543,HTTP Request,200,OK,Config 3: Exp1.5 1-6,text,true,,231,158,14,14,http://localhost:8079/?token=518504778&user=-1355064518&config=3,543,0,0
1777919346813,552,HTTP Request,200,OK,Config 3: Exp1.5 1-7,text,true,,231,158,14,14,http://localhost:8079/?token=518504778&user=-1355064518&config=3,552,0,0
1777919346812,588,HTTP Request,200,OK,Config 3: Exp1.5 1-4,text,true,,231,158,14,14,http://localhost:8079/?token=518504778&user=-1355064518&config=3,588,0,2
1777919346813,588,HTTP Request,200,OK,Config 3: Exp1.5 1-2,text,true,,231,158,14,14,http://localhost:8079/?token=518504778&user=-1355064518&config=3,588,0,1
1777919346813,588,HTTP Request,200,OK,Config 3: Exp1.5 1-5,text,true,,231,158,14,14,http://localhost:8079/?token=518504778&user=-1355064518&config=3,588,0,1
1777919346917,562,HTTP Request,200,OK,Config 3: Exp1.5 1-12,text,true,,231,158,14,14,http://localhost:8079/?token=518504778&user=-1355064518&config=3,562,0,0
1777919347325,556,HTTP Request,200,OK,Config 3: Exp1.5 1-8,text,true,,231,158,14,14,http://localhost:8079/?token=518504778&user=-1355064518&config=3,556,0,0
1777919347391,549,HTTP Request,200,OK,Config 3: Exp1.5 1-9,text,true,,231,158,14,14,http://localhost:8079/?token=518504778&user=-1355064518&config=3,549,0,0
1777919347390,550,HTTP Request,200,OK,Config 3: Exp1.5 1-10,text,true,,231,158,14,14,http://localhost:8079/?token=518504778&user=-1355064518&config=3,550,0,0
1777919347391,550,HTTP Request,200,OK,Config 3: Exp1.5 1-13,text,true,,231,158,14,14,http://localhost:8079/?token=518504778&user=-1355064518&config=3,550,0,0
1777919349404,545,HTTP Request,200,OK,Config 3: Exp1.5 1-14,text,true,,231,158,14,14,http://localhost:8079/?token=518504778&user=-1355064518&config=3,545,0,0
1777919349812,546,HTTP Request,200,OK,Config 3: Exp1.5 1-5,text,true,,231,158,14,14,http://localhost:8079/?token=518504778&user=-1355064518&config=3,546,0,0
1777919349812,546,HTTP Request,200,OK,Config 3: Exp1.5 1-3,text,true,,231,158,14,14,http://localhost:8079/?token=518504778&user=-1355064518&config=3,546,0,0
1777919349812,546,HTTP Request,200,OK,Config 3: Exp1.5 1-2,text,true,,231,158,14,14,http://localhost:8079/?token=518504778&user=-1355064518&config=3,546,0,0
1777919349812,548,HTTP Request,200,OK,Config 3: Exp1.5 1-6,text,true,,231,158,14,14,http://localhost:8079/?token=518504778&user=-1355064518&config=3,548,0,0
1777919349813,547,HTTP Request,200,OK,Config 3: Exp1.5 1-1,text,true,,231,158,14,14,http://localhost:8079/?token=518504778&user=-1355064518&config=3,547,0,0
1777919349812,550,HTTP Request,200,OK,Config 3: Exp1.5 1-7,text,true,,231,158,14,14,http://localhost:8079/?token=518504778&user=-1355064518&config=3,550,0,0
1777919349813,550,HTTP Request,200,OK,Config 3: Exp1.5 1-4,text,true,,231,158,14,14,http://localhost:8079/?token=518504778&user=-1355064518&config=3,550,0,0
1777919349813,551,HTTP Request,200,OK,Config 3: Exp1.5 1-11,text,true,,231,158,14,14,http://localhost:8079/?token=518504778&user=-1355064518&config=3,551,0,0
1777919349917,551,HTTP Request,200,OK,Config 3: Exp1.5 1-12,text,true,,231,158,14,14,http://localhost:8079/?token=518504778&user=-1355064518&config=3,551,0,0
1777919350389,590,HTTP Request,200,OK,Config 3: Exp1.5 1-10,text,true,,231,158,14,14,http://localhost:8079/?token=518504778&user=-1355064518&config=3,590,0,0
1777919350325,654,HTTP Request,200,OK,Config 3: Exp1.5 1-8,text,false,"The operation lasted too long: It took 654 milliseconds, but should not have lasted longer than 640 milliseconds.",231,158,14,14,http://localhost:8079/?token=518504778&user=-1355064518&config=3,654,0,0
1777919350390,589,HTTP Request,200,OK,Config 3: Exp1.5 1-9,text,true,,231,158,14,14,http://localhost:8079/?token=518504778&user=-1355064518&config=3,589,0,0
1777919350391,588,HTTP Request,200,OK,Config 3: Exp1.5 1-13,text,true,,231,158,14,14,http://localhost:8079/?token=518504778&user=-1355064518&config=3,588,0,0
1777919352404,556,HTTP Request,200,OK,Config 3: Exp1.5 1-14,text,true,,231,158,14,14,http://localhost:8079/?token=518504778&user=-1355064518&config=3,556,0,0
1777919352812,559,HTTP Request,200,OK,Config 3: Exp1.5 1-6,text,true,,231,158,15,15,http://localhost:8079/?token=518504778&user=-1355064518&config=3,559,0,0
1777919352812,559,HTTP Request,200,OK,Config 3: Exp1.5 1-5,text,true,,231,158,15,15,http://localhost:8079/?token=518504778&user=-1355064518&config=3,559,0,0
1777919352812,559,HTTP Request,200,OK,Config 3: Exp1.5 1-11,text,true,,231,158,15,15,http://localhost:8079/?token=518504778&user=-1355064518&config=3,559,0,0
1777919352813,559,HTTP Request,200,OK,Config 3: Exp1.5 1-1,text,true,,231,158,15,15,http://localhost:8079/?token=518504778&user=-1355064518&config=3,559,0,0
1777919352813,559,HTTP Request,200,OK,Config 3: Exp1.5 1-4,text,true,,231,158,15,15,http://localhost:8079/?token=518504778&user=-1355064518&config=3,559,0,0
1777919352813,561,HTTP Request,200,OK,Config 3: Exp1.5 1-3,text,true,,231,158,15,15,http://localhost:8079/?token=518504778&user=-1355064518&config=3,561,0,0
1777919352813,562,HTTP Request,200,OK,Config 3: Exp1.5 1-7,text,true,,231,158,15,15,http://localhost:8079/?token=518504778&user=-1355064518&config=3,562,0,0
1777919352813,563,HTTP Request,200,OK,Config 3: Exp1.5 1-2,text,true,,231,158,15,15,http://localhost:8079/?token=518504778&user=-1355064518&config=3,563,0,0
1777919352917,564,HTTP Request,200,OK,Config 3: Exp1.5 1-12,text,true,,231,158,15,15,http://localhost:8079/?token=518504778&user=-1355064518&config=3,564,0,0
1777919353072,621,HTTP Request,200,OK,Config 3: Exp1.5 1-15,text,true,,231,158,15,15,http://localhost:8079/?token=518504778&user=-1355064518&config=3,621,0,0
1777919353325,582,HTTP Request,200,OK,Config 3: Exp1.5 1-8,text,true,,231,158,15,15,http://localhost:8079/?token=518504778&user=-1355064518&config=3,582,0,0
1777919353391,567,HTTP Request,200,OK,Config 3: Exp1.5 1-9,text,true,,231,158,15,15,http://localhost:8079/?token=518504778&user=-1355064518&config=3,567,0,0
1777919353391,568,HTTP Request,200,OK,Config 3: Exp1.5 1-13,text,true,,231,158,15,15,http://localhost:8079/?token=518504778&user=-1355064518&config=3,568,0,0
1777919353390,570,HTTP Request,200,OK,Config 3: Exp1.5 1-10,text,true,,231,158,15,15,http://localhost:8079/?token=518504778&user=-1355064518&config=3,570,0,0
1777919355403,556,HTTP Request,200,OK,Config 3: Exp1.5 1-14,text,true,,231,158,15,15,http://localhost:8079/?token=518504778&user=-1355064518&config=3,556,0,0
1777919355812,556,HTTP Request,200,OK,Config 3: Exp1.5 1-3,text,true,,231,158,15,15,http://localhost:8079/?token=518504778&user=-1355064518&config=3,556,0,0
1777919355812,556,HTTP Request,200,OK,Config 3: Exp1.5 1-2,text,true,,231,158,15,15,http://localhost:8079/?token=518504778&user=-1355064518&config=3,556,0,0
1777919355812,558,HTTP Request,200,OK,Config 3: Exp1.5 1-5,text,true,,231,158,15,15,http://localhost:8079/?token=518504778&user=-1355064518&config=3,558,0,0
1777919355812,558,HTTP Request,200,OK,Config 3: Exp1.5 1-6,text,true,,231,158,15,15,http://localhost:8079/?token=518504778&user=-1355064518&config=3,558,0,0
1777919355813,575,HTTP Request,200,OK,Config 3: Exp1.5 1-11,text,true,,231,158,15,15,http://localhost:8079/?token=518504778&user=-1355064518&config=3,575,0,0
1777919355813,576,HTTP Request,200,OK,Config 3: Exp1.5 1-7,text,true,,231,158,15,15,http://localhost:8079/?token=518504778&user=-1355064518&config=3,576,0,0
1777919355813,577,HTTP Request,200,OK,Config 3: Exp1.5 1-1,text,true,,231,158,15,15,http://localhost:8079/?token=518504778&user=-1355064518&config=3,577,0,0
1777919355813,578,HTTP Request,200,OK,Config 3: Exp1.5 1-4,text,true,,231,158,15,15,http://localhost:8079/?token=518504778&user=-1355064518&config=3,578,0,0
1777919355916,587,HTTP Request,200,OK,Config 3: Exp1.5 1-12,text,true,,231,158,15,15,http://localhost:8079/?token=518504778&user=-1355064518&config=3,587,0,0
1777919356071,567,HTTP Request,200,OK,Config 3: Exp1.5 1-15,text,true,,231,158,15,15,http://localhost:8079/?token=518504778&user=-1355064518&config=3,567,0,0
1777919356325,575,HTTP Request,200,OK,Config 3: Exp1.5 1-8,text,true,,231,158,15,15,http://localhost:8079/?token=518504778&user=-1355064518&config=3,575,0,0
1777919356391,565,HTTP Request,200,OK,Config 3: Exp1.5 1-13,text,true,,231,158,15,15,http://localhost:8079/?token=518504778&user=-1355064518&config=3,565,0,0
1777919356389,568,HTTP Request,200,OK,Config 3: Exp1.5 1-10,text,true,,231,158,15,15,http://localhost:8079/?token=518504778&user=-1355064518&config=3,568,0,0
1777919356391,567,HTTP Request,200,OK,Config 3: Exp1.5 1-9,text,true,,231,158,15,15,http://localhost:8079/?token=518504778&user=-1355064518&config=3,567,0,0
1777919358403,560,HTTP Request,200,OK,Config 3: Exp1.5 1-14,text,true,,231,158,15,15,http://localhost:8079/?token=518504778&user=-1355064518&config=3,560,0,0
1777919358812,556,HTTP Request,200,OK,Config 3: Exp1.5 1-3,text,true,,231,158,14,14,http://localhost:8079/?token=518504778&user=-1355064518&config=3,556,0,0
1777919358812,556,HTTP Request,200,OK,Config 3: Exp1.5 1-5,text,true,,231,158,14,14,http://localhost:8079/?token=518504778&user=-1355064518&config=3,556,0,0
1777919358813,557,HTTP Request,200,OK,Config 3: Exp1.5 1-2,text,true,,231,158,12,12,http://localhost:8079/?token=518504778&user=-1355064518&config=3,557,0,0
1777919358813,558,HTTP Request,200,OK,Config 3: Exp1.5 1-6,text,true,,231,158,11,11,http://localhost:8079/?token=518504778&user=-1355064518&config=3,558,0,0
1777919358813,558,HTTP Request,200,OK,Config 3: Exp1.5 1-4,text,true,,231,158,11,11,http://localhost:8079/?token=518504778&user=-1355064518&config=3,558,0,0
1777919358813,559,HTTP Request,200,OK,Config 3: Exp1.5 1-1,text,true,,231,158,9,9,http://localhost:8079/?token=518504778&user=-1355064518&config=3,559,0,0
1777919358813,560,HTTP Request,200,OK,Config 3: Exp1.5 1-7,text,true,,231,158,8,8,http://localhost:8079/?token=518504778&user=-1355064518&config=3,560,0,0
1777919358813,562,HTTP Request,200,OK,Config 3: Exp1.5 1-11,text,true,,231,158,7,7,http://localhost:8079/?token=518504778&user=-1355064518&config=3,562,0,0
1777919358917,596,HTTP Request,200,OK,Config 3: Exp1.5 1-12,text,true,,231,158,6,6,http://localhost:8079/?token=518504778&user=-1355064518&config=3,596,0,0
1777919359070,569,HTTP Request,200,OK,Config 3: Exp1.5 1-15,text,true,,231,158,5,5,http://localhost:8079/?token=518504778&user=-1355064518&config=3,569,0,0
1777919359325,565,HTTP Request,200,OK,Config 3: Exp1.5 1-8,text,true,,231,158,4,4,http://localhost:8079/?token=518504778&user=-1355064518&config=3,565,0,0
1777919359390,565,HTTP Request,200,OK,Config 3: Exp1.5 1-10,text,true,,231,158,3,3,http://localhost:8079/?token=518504778&user=-1355064518&config=3,565,0,0
1777919359391,578,HTTP Request,200,OK,Config 3: Exp1.5 1-9,text,true,,231,158,2,2,http://localhost:8079/?token=518504778&user=-1355064518&config=3,578,0,0
1777919359391,578,HTTP Request,200,OK,Config 3: Exp1.5 1-13,text,true,,231,158,1,1,http://localhost:8079/?token=518504778&user=-1355064518&config=3,578,0,0
